,note,category_idx,category_name,season
0,absinthe,11,beverages,"[0, 1, 2, 3]"
1,acacia,3,flowers,"[0, 1, 2, 3]"
2,acai berry,2,fruits_vegetables_and_nuts,"[0, 2]"
3,acerola,2,fruits_vegetables_and_nuts,"[0, 2]"
4,acerola blossom,3,flowers,"[0, 1, 2, 3]"
5,acetyl furan,7,sweets_and_gourmand_smells,[3]
6,agarwood (oud),8,woods_and_mosses,"[2, 3]"
7,agave,5,greens_herbs_and_fougeres,"[1, 2]"
8,agave nectar,7,sweets_and_gourmand_smells,[3]
9,aglaia,3,flowers,"[0, 1, 2, 3]"
10,akigalawood,8,woods_and_mosses,"[2, 3]"
11,aldehydes,12,netural_and_synthetic_popular_and_weird,"[0, 1, 2, 3]"
12,alder,8,woods_and_mosses,"[2, 3]"
13,algae,5,greens_herbs_and_fougeres,"[1, 2]"
14,allspice,6,spices,"[2, 3]"
15,almond,2,fruits_vegetables_and_nuts,"[0, 2]"
16,almond blossom,3,flowers,"[0, 1, 2, 3]"
17,almond tree,8,woods_and_mosses,"[2, 3]"
18,aloe vera,5,greens_herbs_and_fougeres,"[1, 2]"
19,aluminum,12,netural_and_synthetic_popular_and_weird,"[0, 1, 2, 3]"
20,alumroot,3,flowers,"[0, 1, 2, 3]"
21,alyssum,3,flowers,"[0, 1, 2, 3]"
22,amaranth,8,woods_and_mosses,"[2, 3]"
23,amaretto,11,beverages,"[0, 1, 2, 3]"
24,amarillys,3,flowers,"[0, 1, 2, 3]"
25,amber,10,musk_amber_animalic_smells,"[2, 3]"
26,amber xtreme,10,musk_amber_animalic_smells,"[2, 3]"
27,ambergris,10,musk_amber_animalic_smells,"[2, 3]"
28,ambertonic (iff),10,musk_amber_animalic_smells,"[2, 3]"
29,amberwood,9,resins_and_balsams,"[2, 3]"
30,ambrarome,10,musk_amber_animalic_smells,"[2, 3]"
31,ambretone,10,musk_amber_animalic_smells,"[2, 3]"
32,ambrette (musk mallow),10,musk_amber_animalic_smells,"[2, 3]"
33,ambrettolide,10,musk_amber_animalic_smells,"[2, 3]"
34,ambrocenide (symrise),10,musk_amber_animalic_smells,"[2, 3]"
35,ambroxan,10,musk_amber_animalic_smells,"[2, 3]"
36,ammophila (beach grass),5,greens_herbs_and_fougeres,"[1, 2]"
37,amyl salicylate,12,netural_and_synthetic_popular_and_weird,"[0, 1, 2, 3]"
38,amyris,8,woods_and_mosses,"[2, 3]"
39,anemone,3,flowers,"[0, 1, 2, 3]"
40,angel's trumpet,3,flowers,"[0, 1, 2, 3]"
41,angelica,5,greens_herbs_and_fougeres,"[1, 2]"
42,animal notes,10,musk_amber_animalic_smells,"[2, 3]"
43,anise,6,spices,"[2, 3]"
44,apple,2,fruits_vegetables_and_nuts,"[0, 2]"
45,apple blossom,3,flowers,"[0, 1, 2, 3]"
46,apple juice,2,fruits_vegetables_and_nuts,"[0, 2]"
47,apple mint,5,greens_herbs_and_fougeres,"[1, 2]"
48,apple pulp,2,fruits_vegetables_and_nuts,"[0, 2]"
49,apple tree,8,woods_and_mosses,"[2, 3]"
50,apricot,2,fruits_vegetables_and_nuts,"[0, 2]"
51,apricot blossom,3,flowers,"[0, 1, 2, 3]"
52,aquozone,12,netural_and_synthetic_popular_and_weird,"[0, 1, 2, 3]"
53,araucaria,8,woods_and_mosses,"[2, 3]"
54,"arbutus (madrona, bearberry tree)",8,woods_and_mosses,"[2, 3]"
55,arctic bramble,2,fruits_vegetables_and_nuts,"[0, 2]"
56,argan,2,fruits_vegetables_and_nuts,"[0, 2]"
57,argan tree,8,woods_and_mosses,"[2, 3]"
58,arnica,5,greens_herbs_and_fougeres,"[1, 2]"
59,artemisia,5,greens_herbs_and_fougeres,"[1, 2]"
60,arum lily,4,white_flowers,"[0, 2, 3]"
61,asafoetida,6,spices,"[2, 3]"
62,ash,12,netural_and_synthetic_popular_and_weird,"[0, 1, 2, 3]"
63,ashoka flower,3,flowers,"[0, 1, 2, 3]"
64,asparagus,5,greens_herbs_and_fougeres,"[1, 2]"
65,aspen,8,woods_and_mosses,"[2, 3]"
66,asphalt,12,netural_and_synthetic_popular_and_weird,"[0, 1, 2, 3]"
67,aspic,10,musk_amber_animalic_smells,"[2, 3]"
68,avocado,5,greens_herbs_and_fougeres,"[1, 2]"
69,azolla (water fern),5,greens_herbs_and_fougeres,"[1, 2]"
70,bacon,10,musk_amber_animalic_smells,"[2, 3]"
71,baileys irish cream,11,beverages,"[0, 1, 2, 3]"
72,balsamic vinegar,9,resins_and_balsams,"[2, 3]"
73,bamboo,8,woods_and_mosses,"[2, 3]"
74,banana,2,fruits_vegetables_and_nuts,"[0, 2]"
75,banana flower,3,flowers,"[0, 1, 2, 3]"
76,banana leaf,5,greens_herbs_and_fougeres,"[1, 2]"
77,baobab,8,woods_and_mosses,"[2, 3]"
78,barberry,3,flowers,"[0, 1, 2, 3]"
79,bark,8,woods_and_mosses,"[2, 3]"
80,barley,5,greens_herbs_and_fougeres,"[1, 2]"
81,basil,5,greens_herbs_and_fougeres,"[1, 2]"
82,bay essence,5,greens_herbs_and_fougeres,"[1, 2]"
83,bay leaf,6,spices,"[2, 3]"
84,bbq,10,musk_amber_animalic_smells,"[2, 3]"
85,bearberry,2,fruits_vegetables_and_nuts,"[0, 2]"
86,beech,8,woods_and_mosses,"[2, 3]"
87,beerale,11,beverages,"[0, 1, 2, 3]"
88,beeswax,10,musk_amber_animalic_smells,"[2, 3]"
89,beetroot,2,fruits_vegetables_and_nuts,"[0, 2]"
90,belambra tree,8,woods_and_mosses,"[2, 3]"
91,belladona,3,flowers,"[0, 1, 2, 3]"
92,bellflower,3,flowers,"[0, 1, 2, 3]"
93,bellini,11,beverages,"[0, 1, 2, 3]"
94,benzoin,9,resins_and_balsams,"[2, 3]"
95,bergamot,1,citrus_smells,"[0, 1]"
96,bergamot blossom,3,flowers,"[0, 1, 2, 3]"
97,birch,8,woods_and_mosses,"[2, 3]"
98,birch tar,9,resins_and_balsams,"[2, 3]"
99,biscuit,7,sweets_and_gourmand_smells,[3]
100,bitter orange,1,citrus_smells,"[0, 1]"
101,black currant,2,fruits_vegetables_and_nuts,"[0, 2]"
102,black currant blossom,3,flowers,"[0, 1, 2, 3]"
103,black currant leaf,5,greens_herbs_and_fougeres,"[1, 2]"
104,black hemlock or tsuga,8,woods_and_mosses,"[2, 3]"
105,black locust,4,white_flowers,"[0, 2, 3]"
106,black spruce,8,woods_and_mosses,"[2, 3]"
107,blackberry,2,fruits_vegetables_and_nuts,"[0, 2]"
108,blackberry blossom,3,flowers,"[0, 1, 2, 3]"
109,blackberry leaf,5,greens_herbs_and_fougeres,"[1, 2]"
110,blackthorn,2,fruits_vegetables_and_nuts,"[0, 2]"
111,blackwood,8,woods_and_mosses,"[2, 3]"
112,blood,12,netural_and_synthetic_popular_and_weird,"[0, 1, 2, 3]"
113,blood orange,1,citrus_smells,"[0, 1]"
114,blue lilies,3,flowers,"[0, 1, 2, 3]"
115,blue margarita,11,beverages,"[0, 1, 2, 3]"
116,blue poppy,3,flowers,"[0, 1, 2, 3]"
117,blueberry,2,fruits_vegetables_and_nuts,"[0, 2]"
118,boisiris,12,netural_and_synthetic_popular_and_weird,"[0, 1, 2, 3]"
119,borage,5,greens_herbs_and_fougeres,"[1, 2]"
120,borneol,5,greens_herbs_and_fougeres,"[1, 2]"
121,boronia,4,white_flowers,"[0, 2, 3]"
122,bougainvillea,3,flowers,"[0, 1, 2, 3]"
123,bourbon whiskey,11,beverages,"[0, 1, 2, 3]"
124,boysenberry,2,fruits_vegetables_and_nuts,"[0, 2]"
125,bran,5,greens_herbs_and_fougeres,"[1, 2]"
126,brazil nut,2,fruits_vegetables_and_nuts,"[0, 2]"
127,brazilian rosewood,8,woods_and_mosses,"[2, 3]"
128,bread,7,sweets_and_gourmand_smells,[3]
129,bread flower,3,flowers,"[0, 1, 2, 3]"
130,breu-branco,9,resins_and_balsams,"[2, 3]"
131,brick,12,netural_and_synthetic_popular_and_weird,"[0, 1, 2, 3]"
132,brioche,7,sweets_and_gourmand_smells,[3]
133,bromelia,3,flowers,"[0, 1, 2, 3]"
134,brown scotch tape,12,netural_and_synthetic_popular_and_weird,"[0, 1, 2, 3]"
135,brown sugar,7,sweets_and_gourmand_smells,[3]
136,bubble gum,7,sweets_and_gourmand_smells,[3]
137,buchu or agathosma,5,greens_herbs_and_fougeres,"[1, 2]"
138,buddha wood,8,woods_and_mosses,"[2, 3]"
139,buddleia,3,flowers,"[0, 1, 2, 3]"
140,bulrush,5,greens_herbs_and_fougeres,"[1, 2]"
141,burdock,5,greens_herbs_and_fougeres,"[1, 2]"
142,burnt match,12,netural_and_synthetic_popular_and_weird,"[0, 1, 2, 3]"
143,bushman candle,9,resins_and_balsams,"[2, 3]"
144,butomus umbellatus,3,flowers,"[0, 1, 2, 3]"
145,butter,7,sweets_and_gourmand_smells,[3]
146,buttercup,3,flowers,"[0, 1, 2, 3]"
147,butterscotch,7,sweets_and_gourmand_smells,[3]
148,buxus,8,woods_and_mosses,"[2, 3]"
149,cabreuva,8,woods_and_mosses,"[2, 3]"
150,cacao pod,6,spices,"[2, 3]"
151,cactus,5,greens_herbs_and_fougeres,"[1, 2]"
152,cade oil,9,resins_and_balsams,"[2, 3]"
153,caipirinha,11,beverages,"[0, 1, 2, 3]"
154,calamansi,1,citrus_smells,"[0, 1]"
155,calamus,5,greens_herbs_and_fougeres,"[1, 2]"
156,calone,12,netural_and_synthetic_popular_and_weird,"[0, 1, 2, 3]"
157,calycanthus,5,greens_herbs_and_fougeres,"[1, 2]"
158,calypsone,12,netural_and_synthetic_popular_and_weird,"[0, 1, 2, 3]"
159,cambodian oud,8,woods_and_mosses,"[2, 3]"
160,camellia,3,flowers,"[0, 1, 2, 3]"
161,campari,11,beverages,"[0, 1, 2, 3]"
162,camphor,12,netural_and_synthetic_popular_and_weird,"[0, 1, 2, 3]"
163,canadian balsam,8,woods_and_mosses,"[2, 3]"
164,candied fruits,7,sweets_and_gourmand_smells,[3]
165,candied ginger,7,sweets_and_gourmand_smells,[3]
166,candied orange,7,sweets_and_gourmand_smells,[3]
167,candies,7,sweets_and_gourmand_smells,[3]
168,canele,7,sweets_and_gourmand_smells,[3]
169,cannabis,5,greens_herbs_and_fougeres,"[1, 2]"
170,cannonball flower,3,flowers,"[0, 1, 2, 3]"
171,caoutchouc,12,netural_and_synthetic_popular_and_weird,"[0, 1, 2, 3]"
172,cappuccino,11,beverages,"[0, 1, 2, 3]"
173,carambola (star fruit),2,fruits_vegetables_and_nuts,"[0, 2]"
174,carambola blossom,3,flowers,"[0, 1, 2, 3]"
175,caramel,7,sweets_and_gourmand_smells,[3]
176,caraway,6,spices,"[2, 3]"
177,cardamom,6,spices,"[2, 3]"
178,carissa,4,white_flowers,"[0, 2, 3]"
179,carnation,3,flowers,"[0, 1, 2, 3]"
180,carnation leaves,5,greens_herbs_and_fougeres,"[1, 2]"
181,carob tree,8,woods_and_mosses,"[2, 3]"
182,carrot,2,fruits_vegetables_and_nuts,"[0, 2]"
183,carrot seeds,10,musk_amber_animalic_smells,"[2, 3]"
184,cascalone,12,netural_and_synthetic_popular_and_weird,"[0, 1, 2, 3]"
185,cashew,2,fruits_vegetables_and_nuts,"[0, 2]"
186,cashmeran,12,netural_and_synthetic_popular_and_weird,"[0, 1, 2, 3]"
187,cashmir wood,8,woods_and_mosses,"[2, 3]"
188,cassia,6,spices,"[2, 3]"
189,cassowary fruit,2,fruits_vegetables_and_nuts,"[0, 2]"
190,castoreum,10,musk_amber_animalic_smells,"[2, 3]"
191,caviar,10,musk_amber_animalic_smells,"[2, 3]"
192,cedar,8,woods_and_mosses,"[2, 3]"
193,celery,5,greens_herbs_and_fougeres,"[1, 2]"
194,celery seeds,5,greens_herbs_and_fougeres,"[1, 2]"
195,celosia,3,flowers,"[0, 1, 2, 3]"
196,centella asiatica,5,greens_herbs_and_fougeres,"[1, 2]"
197,cepes,2,fruits_vegetables_and_nuts,"[0, 2]"
198,cetalox,10,musk_amber_animalic_smells,"[2, 3]"
199,chalood bark,8,woods_and_mosses,"[2, 3]"
200,chamomile,3,flowers,"[0, 1, 2, 3]"
201,champaca,3,flowers,"[0, 1, 2, 3]"
202,champagne,11,beverages,"[0, 1, 2, 3]"
203,chayote,2,fruits_vegetables_and_nuts,"[0, 2]"
204,cheese,10,musk_amber_animalic_smells,"[2, 3]"
205,cherimoya,2,fruits_vegetables_and_nuts,"[0, 2]"
206,cherry,2,fruits_vegetables_and_nuts,"[0, 2]"
207,cherry blossom,3,flowers,"[0, 1, 2, 3]"
208,chestnut,2,fruits_vegetables_and_nuts,"[0, 2]"
209,chimonanthus or wintersweet,3,flowers,"[0, 1, 2, 3]"
210,china rose,3,flowers,"[0, 1, 2, 3]"
211,chinotto,11,beverages,"[0, 1, 2, 3]"
212,chinotto,1,citrus_smells,"[0, 1]"
213,chinotto blossom,3,flowers,"[0, 1, 2, 3]"
214,chive,5,greens_herbs_and_fougeres,"[1, 2]"
215,chocolate flower,3,flowers,"[0, 1, 2, 3]"
216,choya loban,9,resins_and_balsams,"[2, 3]"
217,choya nakh,9,resins_and_balsams,"[2, 3]"
218,choya ral,9,resins_and_balsams,"[2, 3]"
219,christmas tree or flame tree,3,flowers,"[0, 1, 2, 3]"
220,chrysanthemum,3,flowers,"[0, 1, 2, 3]"
221,chutney,6,spices,"[2, 3]"
222,cilantro,5,greens_herbs_and_fougeres,"[1, 2]"
223,cinnamon,6,spices,"[2, 3]"
224,cinnamon leaf,6,spices,"[2, 3]"
225,citron,1,citrus_smells,"[0, 1]"
226,citruses,1,citrus_smells,"[0, 1]"
227,civet,10,musk_amber_animalic_smells,"[2, 3]"
228,clary sage,5,greens_herbs_and_fougeres,"[1, 2]"
229,clay,12,netural_and_synthetic_popular_and_weird,"[0, 1, 2, 3]"
230,clearwood,8,woods_and_mosses,"[2, 3]"
231,clematis,3,flowers,"[0, 1, 2, 3]"
232,clementine,1,citrus_smells,"[0, 1]"
233,cloudberry,2,fruits_vegetables_and_nuts,"[0, 2]"
234,clove leaf,6,spices,"[2, 3]"
235,clover,3,flowers,"[0, 1, 2, 3]"
236,cloves,6,spices,"[2, 3]"
237,co2 extracts,12,netural_and_synthetic_popular_and_weird,"[0, 1, 2, 3]"
238,coal,12,netural_and_synthetic_popular_and_weird,"[0, 1, 2, 3]"
239,coal tar,9,resins_and_balsams,"[2, 3]"
240,cobblestone,12,netural_and_synthetic_popular_and_weird,"[0, 1, 2, 3]"
241,coca,5,greens_herbs_and_fougeres,"[1, 2]"
242,coca-cola,11,beverages,"[0, 1, 2, 3]"
243,cocobolo,8,woods_and_mosses,"[2, 3]"
244,coconut,2,fruits_vegetables_and_nuts,"[0, 2]"
245,coconut pie,7,sweets_and_gourmand_smells,[3]
246,coffee,6,spices,"[2, 3]"
247,coffee blossom,3,flowers,"[0, 1, 2, 3]"
248,coffee tree,8,woods_and_mosses,"[2, 3]"
249,cognac,11,beverages,"[0, 1, 2, 3]"
250,cognac,11,beverages,"[0, 1, 2, 3]"
251,concrete,12,netural_and_synthetic_popular_and_weird,"[0, 1, 2, 3]"
252,cookie,7,sweets_and_gourmand_smells,[3]
253,copahu balm,9,resins_and_balsams,"[2, 3]"
254,copaiba balm,9,resins_and_balsams,"[2, 3]"
255,copal,9,resins_and_balsams,"[2, 3]"
256,coral reef,10,musk_amber_animalic_smells,"[2, 3]"
257,coranol,12,netural_and_synthetic_popular_and_weird,"[0, 1, 2, 3]"
258,coriander,6,spices,"[2, 3]"
259,cork,8,woods_and_mosses,"[2, 3]"
260,cork,12,netural_and_synthetic_popular_and_weird,"[0, 1, 2, 3]"
261,corn silk,2,fruits_vegetables_and_nuts,"[0, 2]"
262,"cornflower, sultan seeds",3,flowers,"[0, 1, 2, 3]"
263,cosmone,12,netural_and_synthetic_popular_and_weird,"[0, 1, 2, 3]"
264,cosmopolitan cocktail,11,beverages,"[0, 1, 2, 3]"
265,cosmos flower,3,flowers,"[0, 1, 2, 3]"
266,costus,3,flowers,"[0, 1, 2, 3]"
267,cotton candy,7,sweets_and_gourmand_smells,[3]
268,cotton flower,3,flowers,"[0, 1, 2, 3]"
269,cottonwood (poplar),8,woods_and_mosses,"[2, 3]"
270,coumarin,12,netural_and_synthetic_popular_and_weird,"[0, 1, 2, 3]"
271,cranberry,2,fruits_vegetables_and_nuts,"[0, 2]"
272,cream,7,sweets_and_gourmand_smells,[3]
273,cream soda,11,beverages,"[0, 1, 2, 3]"
274,creme brulee,7,sweets_and_gourmand_smells,[3]
275,creosote bush,5,greens_herbs_and_fougeres,"[1, 2]"
276,crinum lily,3,flowers,"[0, 1, 2, 3]"
277,crithmum,5,greens_herbs_and_fougeres,"[1, 2]"
278,croissant,7,sweets_and_gourmand_smells,[3]
279,cubeb or tailed pepper,6,spices,"[2, 3]"
280,cucumber,2,fruits_vegetables_and_nuts,"[0, 2]"
281,cumin,6,spices,"[2, 3]"
282,cupcake,7,sweets_and_gourmand_smells,[3]
283,"cupuacu, cupuassu, copoasu",2,fruits_vegetables_and_nuts,"[0, 2]"
284,curacao,11,beverages,"[0, 1, 2, 3]"
285,curcuma (turmeric),6,spices,"[2, 3]"
286,currant leaf and bud,2,fruits_vegetables_and_nuts,"[0, 2]"
287,curry tree,6,spices,"[2, 3]"
288,custard,7,sweets_and_gourmand_smells,[3]
289,cyclamen,3,flowers,"[0, 1, 2, 3]"
290,cyperus scariosus,2,fruits_vegetables_and_nuts,"[0, 2]"
291,cypress,8,woods_and_mosses,"[2, 3]"
292,cypriol oil or nagarmotha,8,woods_and_mosses,"[2, 3]"
293,dahlia,3,flowers,"[0, 1, 2, 3]"
294,daim,10,musk_amber_animalic_smells,"[2, 3]"
295,daiquiri,11,beverages,"[0, 1, 2, 3]"
296,daisy,3,flowers,"[0, 1, 2, 3]"
297,dandelion,3,flowers,"[0, 1, 2, 3]"
298,daphne,3,flowers,"[0, 1, 2, 3]"
299,dark chocolate,7,sweets_and_gourmand_smells,[3]
300,dates,7,sweets_and_gourmand_smells,[3]
301,datura,4,white_flowers,"[0, 2, 3]"
302,davana,5,greens_herbs_and_fougeres,"[1, 2]"
303,deadnettle,3,flowers,"[0, 1, 2, 3]"
304,delonix,3,flowers,"[0, 1, 2, 3]"
305,desert rose,3,flowers,"[0, 1, 2, 3]"
306,dew drop,12,netural_and_synthetic_popular_and_weird,"[0, 1, 2, 3]"
307,dewberry,2,fruits_vegetables_and_nuts,"[0, 2]"
308,dianthus,3,flowers,"[0, 1, 2, 3]"
309,dill,6,spices,"[2, 3]"
310,dodecanal,12,netural_and_synthetic_popular_and_weird,"[0, 1, 2, 3]"
311,dove tree,3,flowers,"[0, 1, 2, 3]"
312,dragon blood resin,9,resins_and_balsams,"[2, 3]"
313,dried apple crisp,2,fruits_vegetables_and_nuts,"[0, 2]"
314,dried apricot,2,fruits_vegetables_and_nuts,"[0, 2]"
315,dried fallen leaves,5,greens_herbs_and_fougeres,"[1, 2]"
316,dried fruits,2,fruits_vegetables_and_nuts,"[0, 2]"
317,dried rose,3,flowers,"[0, 1, 2, 3]"
318,driftwood,8,woods_and_mosses,"[2, 3]"
319,dry wood,8,woods_and_mosses,"[2, 3]"
320,dulce de leche,7,sweets_and_gourmand_smells,[3]
321,dyer's greenweed,3,flowers,"[0, 1, 2, 3]"
322,earl grey tea,5,greens_herbs_and_fougeres,"[1, 2]"
323,earth tincture,12,netural_and_synthetic_popular_and_weird,"[0, 1, 2, 3]"
324,earthy notes,12,netural_and_synthetic_popular_and_weird,"[0, 1, 2, 3]"
325,eau de vie,11,beverages,"[0, 1, 2, 3]"
326,ebony tree,8,woods_and_mosses,"[2, 3]"
327,edelweiss,3,flowers,"[0, 1, 2, 3]"
328,eglantine rose,3,flowers,"[0, 1, 2, 3]"
329,elderflower,3,flowers,"[0, 1, 2, 3]"
330,elemi,9,resins_and_balsams,"[2, 3]"
331,ember,12,netural_and_synthetic_popular_and_weird,"[0, 1, 2, 3]"
332,encian,3,flowers,"[0, 1, 2, 3]"
333,english marigold,3,flowers,"[0, 1, 2, 3]"
334,ethyl maltol,12,netural_and_synthetic_popular_and_weird,"[0, 1, 2, 3]"
335,eucalyptus,8,woods_and_mosses,"[2, 3]"
336,eugenol,12,netural_and_synthetic_popular_and_weird,"[0, 1, 2, 3]"
337,fabric,12,netural_and_synthetic_popular_and_weird,"[0, 1, 2, 3]"
338,fennel,6,spices,"[2, 3]"
339,fenugreek,6,spices,"[2, 3]"
340,fern,5,greens_herbs_and_fougeres,"[1, 2]"
341,field scabious,3,flowers,"[0, 1, 2, 3]"
342,fig,2,fruits_vegetables_and_nuts,"[0, 2]"
343,fig leaf,2,fruits_vegetables_and_nuts,"[0, 2]"
344,fig tree,8,woods_and_mosses,"[2, 3]"
345,finger lime,1,citrus_smells,"[0, 1]"
346,fir,8,woods_and_mosses,"[2, 3]"
347,fire,12,netural_and_synthetic_popular_and_weird,"[0, 1, 2, 3]"
348,fish,12,netural_and_synthetic_popular_and_weird,"[0, 1, 2, 3]"
349,flamingo flower (anthurium),3,flowers,"[0, 1, 2, 3]"
350,flax,3,flowers,"[0, 1, 2, 3]"
351,flint,12,netural_and_synthetic_popular_and_weird,"[0, 1, 2, 3]"
352,floral notes,3,flowers,"[0, 1, 2, 3]"
353,forest fruits,2,fruits_vegetables_and_nuts,"[0, 2]"
354,forget me not,3,flowers,"[0, 1, 2, 3]"
355,fragonia,3,flowers,"[0, 1, 2, 3]"
356,frangipani,4,white_flowers,"[0, 2, 3]"
357,freesia,3,flowers,"[0, 1, 2, 3]"
358,french pastries,7,sweets_and_gourmand_smells,[3]
359,frosted berries,2,fruits_vegetables_and_nuts,"[0, 2]"
360,frosting [glace],7,sweets_and_gourmand_smells,[3]
361,fruity notes,2,fruits_vegetables_and_nuts,"[0, 2]"
362,fuchsia,3,flowers,"[0, 1, 2, 3]"
363,galanga,6,spices,"[2, 3]"
364,galaxolide,12,netural_and_synthetic_popular_and_weird,"[0, 1, 2, 3]"
365,galbanum,5,greens_herbs_and_fougeres,"[1, 2]"
366,gardenia,4,white_flowers,"[0, 2, 3]"
367,gasoline,12,netural_and_synthetic_popular_and_weird,"[0, 1, 2, 3]"
368,genet,10,musk_amber_animalic_smells,"[2, 3]"
369,genmaicha,5,greens_herbs_and_fougeres,"[1, 2]"
370,geosmin,12,netural_and_synthetic_popular_and_weird,"[0, 1, 2, 3]"
371,geranium,3,flowers,"[0, 1, 2, 3]"
372,gerbera,3,flowers,"[0, 1, 2, 3]"
373,gianduia,7,sweets_and_gourmand_smells,[3]
374,gin,11,beverages,"[0, 1, 2, 3]"
375,ginger,6,spices,"[2, 3]"
376,gingerbread,7,sweets_and_gourmand_smells,[3]
377,ginkgo,5,greens_herbs_and_fougeres,"[1, 2]"
378,ginseng,5,greens_herbs_and_fougeres,"[1, 2]"
379,gladiolus,3,flowers,"[0, 1, 2, 3]"
380,goat hair,10,musk_amber_animalic_smells,"[2, 3]"
381,goji berries,2,fruits_vegetables_and_nuts,"[0, 2]"
382,goldenrod,3,flowers,"[0, 1, 2, 3]"
383,gooseberry,2,fruits_vegetables_and_nuts,"[0, 2]"
384,gorse,3,flowers,"[0, 1, 2, 3]"
385,grape leaves,5,greens_herbs_and_fougeres,"[1, 2]"
386,grape seed,2,fruits_vegetables_and_nuts,"[0, 2]"
387,grapefruit,1,citrus_smells,"[0, 1]"
388,grapefruit blossom,4,white_flowers,"[0, 2, 3]"
389,grapes,2,fruits_vegetables_and_nuts,"[0, 2]"
390,graphite,12,netural_and_synthetic_popular_and_weird,"[0, 1, 2, 3]"
391,grass,5,greens_herbs_and_fougeres,"[1, 2]"
392,grass tree,8,woods_and_mosses,"[2, 3]"
393,green nard,3,flowers,"[0, 1, 2, 3]"
394,green notes,5,greens_herbs_and_fougeres,"[1, 2]"
395,green pepper,5,greens_herbs_and_fougeres,"[1, 2]"
396,green sap,5,greens_herbs_and_fougeres,"[1, 2]"
397,green tea flower,3,flowers,"[0, 1, 2, 3]"
398,greengage,2,fruits_vegetables_and_nuts,"[0, 2]"
399,grenadine,11,beverages,"[0, 1, 2, 3]"
400,gromwell,5,greens_herbs_and_fougeres,"[1, 2]"
401,ground cherry,2,fruits_vegetables_and_nuts,"[0, 2]"
402,guaiac wood,8,woods_and_mosses,"[2, 3]"
403,guao or maiden plum,5,greens_herbs_and_fougeres,"[1, 2]"
404,guarana,2,fruits_vegetables_and_nuts,"[0, 2]"
405,guava,2,fruits_vegetables_and_nuts,"[0, 2]"
406,guava blossom,3,flowers,"[0, 1, 2, 3]"
407,gunpowder,12,netural_and_synthetic_popular_and_weird,"[0, 1, 2, 3]"
408,gurjun balsam,9,resins_and_balsams,"[2, 3]"
409,halva,7,sweets_and_gourmand_smells,[3]
410,hassaku,1,citrus_smells,"[0, 1]"
411,hatkora lemon,1,citrus_smells,"[0, 1]"
412,hawthorn,3,flowers,"[0, 1, 2, 3]"
413,hay,5,greens_herbs_and_fougeres,"[1, 2]"
414,hazel blossom,3,flowers,"[0, 1, 2, 3]"
415,hazelnut,2,fruits_vegetables_and_nuts,"[0, 2]"
416,hazelnut cocoa spread,7,sweets_and_gourmand_smells,[3]
417,head space waterfall,12,netural_and_synthetic_popular_and_weird,"[0, 1, 2, 3]"
418,heather,3,flowers,"[0, 1, 2, 3]"
419,hedione,12,netural_and_synthetic_popular_and_weird,"[0, 1, 2, 3]"
420,heliotrope,3,flowers,"[0, 1, 2, 3]"
421,hellabore flower,3,flowers,"[0, 1, 2, 3]"
422,hemlock,3,flowers,"[0, 1, 2, 3]"
423,henna,5,greens_herbs_and_fougeres,"[1, 2]"
424,hi-fi,11,beverages,"[0, 1, 2, 3]"
425,hibiscus,3,flowers,"[0, 1, 2, 3]"
426,hina,12,netural_and_synthetic_popular_and_weird,"[0, 1, 2, 3]"
427,hinoki wood,8,woods_and_mosses,"[2, 3]"
428,ho wood,8,woods_and_mosses,"[2, 3]"
429,hoary stock,3,flowers,"[0, 1, 2, 3]"
430,holly flower,3,flowers,"[0, 1, 2, 3]"
431,hollyhock,3,flowers,"[0, 1, 2, 3]"
432,honey,7,sweets_and_gourmand_smells,[3]
433,honeybush or cyclopia,3,flowers,"[0, 1, 2, 3]"
434,honeycomb,7,sweets_and_gourmand_smells,[3]
435,honeydew blossom,3,flowers,"[0, 1, 2, 3]"
436,honeysuckle,4,white_flowers,"[0, 2, 3]"
437,hops,5,greens_herbs_and_fougeres,"[1, 2]"
438,horchata,7,sweets_and_gourmand_smells,[3]
439,horseweed,5,greens_herbs_and_fougeres,"[1, 2]"
440,hortensia,3,flowers,"[0, 1, 2, 3]"
441,hot iron,12,netural_and_synthetic_popular_and_weird,"[0, 1, 2, 3]"
442,"hoya carnosa, wax plant",3,flowers,"[0, 1, 2, 3]"
443,hyacinth,3,flowers,"[0, 1, 2, 3]"
444,hyraceum,10,musk_amber_animalic_smells,"[2, 3]"
445,hyssop,3,flowers,"[0, 1, 2, 3]"
446,ice,12,netural_and_synthetic_popular_and_weird,"[0, 1, 2, 3]"
447,ice cream,7,sweets_and_gourmand_smells,[3]
448,icing pink,7,sweets_and_gourmand_smells,[3]
449,immortelle,5,greens_herbs_and_fougeres,"[1, 2]"
450,impatiens,3,flowers,"[0, 1, 2, 3]"
451,incense,9,resins_and_balsams,"[2, 3]"
452,incienso,8,woods_and_mosses,"[2, 3]"
453,indian oud,8,woods_and_mosses,"[2, 3]"
454,indian spices,6,spices,"[2, 3]"
455,indian woods,8,woods_and_mosses,"[2, 3]"
456,indole,12,netural_and_synthetic_popular_and_weird,"[0, 1, 2, 3]"
457,industrial glue,12,netural_and_synthetic_popular_and_weird,"[0, 1, 2, 3]"
458,ink,12,netural_and_synthetic_popular_and_weird,"[0, 1, 2, 3]"
459,instant film accord,12,netural_and_synthetic_popular_and_weird,"[0, 1, 2, 3]"
460,iris,3,flowers,"[0, 1, 2, 3]"
461,"ishpink, ocotea quixos",8,woods_and_mosses,"[2, 3]"
462,iso e super,12,netural_and_synthetic_popular_and_weird,"[0, 1, 2, 3]"
463,isobutyl quinoline,12,netural_and_synthetic_popular_and_weird,"[0, 1, 2, 3]"
464,ivy,5,greens_herbs_and_fougeres,"[1, 2]"
465,jabuticaba,2,fruits_vegetables_and_nuts,"[0, 2]"
466,jacaranda,3,flowers,"[0, 1, 2, 3]"
467,jackfruit,2,fruits_vegetables_and_nuts,"[0, 2]"
468,jade flower,3,flowers,"[0, 1, 2, 3]"
469,japanese loquat,2,fruits_vegetables_and_nuts,"[0, 2]"
470,japanese pepper,6,spices,"[2, 3]"
471,jasmine,4,white_flowers,"[0, 2, 3]"
472,jasmine orchid,3,flowers,"[0, 1, 2, 3]"
473,jasmine tea,11,beverages,"[0, 1, 2, 3]"
474,jatamansi or spikenard,5,greens_herbs_and_fougeres,"[1, 2]"
475,javanol,12,netural_and_synthetic_popular_and_weird,"[0, 1, 2, 3]"
476,jeans,12,netural_and_synthetic_popular_and_weird,"[0, 1, 2, 3]"
477,jobs tears (yi yi ren),2,fruits_vegetables_and_nuts,"[0, 2]"
478,jujube blossom,3,flowers,"[0, 1, 2, 3]"
479,juniper,5,greens_herbs_and_fougeres,"[1, 2]"
480,juniper berries,5,greens_herbs_and_fougeres,"[1, 2]"
481,kadam,3,flowers,"[0, 1, 2, 3]"
482,kaffir lime,1,citrus_smells,"[0, 1]"
483,kanuka,3,flowers,"[0, 1, 2, 3]"
484,karo-karounde,4,white_flowers,"[0, 2, 3]"
485,katrafay,5,greens_herbs_and_fougeres,"[1, 2]"
486,katsura leaf,5,greens_herbs_and_fougeres,"[1, 2]"
487,kephalis,10,musk_amber_animalic_smells,"[2, 3]"
488,khella,5,greens_herbs_and_fougeres,"[1, 2]"
489,kir royal,11,beverages,"[0, 1, 2, 3]"
490,kiwi,2,fruits_vegetables_and_nuts,"[0, 2]"
491,kiwi blossom,3,flowers,"[0, 1, 2, 3]"
492,kowhai,8,woods_and_mosses,"[2, 3]"
493,kudzu,3,flowers,"[0, 1, 2, 3]"
494,kulfi,7,sweets_and_gourmand_smells,[3]
495,kumbaru,2,fruits_vegetables_and_nuts,"[0, 2]"
496,kumquat,1,citrus_smells,"[0, 1]"
497,labdanum,9,resins_and_balsams,"[2, 3]"
498,laburnum,3,flowers,"[0, 1, 2, 3]"
499,lady of the night flower,3,flowers,"[0, 1, 2, 3]"
500,lady slipper orchid,3,flowers,"[0, 1, 2, 3]"
501,lamduan flower,3,flowers,"[0, 1, 2, 3]"
502,laminaria,5,greens_herbs_and_fougeres,"[1, 2]"
503,lamprocapnos,3,flowers,"[0, 1, 2, 3]"
504,lantana,3,flowers,"[0, 1, 2, 3]"
505,lantana leaf,5,greens_herbs_and_fougeres,"[1, 2]"
506,laotian oud,8,woods_and_mosses,"[2, 3]"
507,larch,8,woods_and_mosses,"[2, 3]"
508,larkspur,3,flowers,"[0, 1, 2, 3]"
509,laurel blossom,3,flowers,"[0, 1, 2, 3]"
510,lava,12,netural_and_synthetic_popular_and_weird,"[0, 1, 2, 3]"
511,lavender,3,flowers,"[0, 1, 2, 3]"
512,leather,10,musk_amber_animalic_smells,"[2, 3]"
513,leatherwood,3,flowers,"[0, 1, 2, 3]"
514,lemon,1,citrus_smells,"[0, 1]"
515,lemon balm,1,citrus_smells,"[0, 1]"
516,lemon blossom,4,white_flowers,"[0, 2, 3]"
517,lemon tree,1,citrus_smells,"[0, 1]"
518,lemon verbena,1,citrus_smells,"[0, 1]"
519,lemon zest,1,citrus_smells,"[0, 1]"
520,lemonade,11,beverages,"[0, 1, 2, 3]"
521,lemongrass,1,citrus_smells,"[0, 1]"
522,liatris,3,flowers,"[0, 1, 2, 3]"
523,lichen,8,woods_and_mosses,"[2, 3]"
524,licorice,6,spices,"[2, 3]"
525,lilac,3,flowers,"[0, 1, 2, 3]"
526,lily,4,white_flowers,"[0, 2, 3]"
527,lily of the valley leaves,5,greens_herbs_and_fougeres,"[1, 2]"
528,lily-of-the-valley,3,flowers,"[0, 1, 2, 3]"
529,lime,1,citrus_smells,"[0, 1]"
530,lime (linden) blossom,3,flowers,"[0, 1, 2, 3]"
531,limetta,1,citrus_smells,"[0, 1]"
532,limnophila aromatica,5,greens_herbs_and_fougeres,"[1, 2]"
533,limoncello,11,beverages,"[0, 1, 2, 3]"
534,linaloe berry,5,greens_herbs_and_fougeres,"[1, 2]"
535,linen,12,netural_and_synthetic_popular_and_weird,"[0, 1, 2, 3]"
536,lingonberry,2,fruits_vegetables_and_nuts,"[0, 2]"
537,lip gloss,12,netural_and_synthetic_popular_and_weird,"[0, 1, 2, 3]"
538,lipstick,12,netural_and_synthetic_popular_and_weird,"[0, 1, 2, 3]"
539,liquor,11,beverages,"[0, 1, 2, 3]"
540,litchi,2,fruits_vegetables_and_nuts,"[0, 2]"
541,litsea cubeba,1,citrus_smells,"[0, 1]"
542,longan berries,2,fruits_vegetables_and_nuts,"[0, 2]"
543,lorenox,12,netural_and_synthetic_popular_and_weird,"[0, 1, 2, 3]"
544,lotus,3,flowers,"[0, 1, 2, 3]"
545,loukhoum,7,sweets_and_gourmand_smells,[3]
546,lovage root,5,greens_herbs_and_fougeres,"[1, 2]"
547,lupin,3,flowers,"[0, 1, 2, 3]"
548,lydia broom,3,flowers,"[0, 1, 2, 3]"
549,macadamia,2,fruits_vegetables_and_nuts,"[0, 2]"
550,macarons,7,sweets_and_gourmand_smells,[3]
551,mace,6,spices,"[2, 3]"
552,madeira,11,beverages,"[0, 1, 2, 3]"
553,magnolan,12,netural_and_synthetic_popular_and_weird,"[0, 1, 2, 3]"
554,magnolia,3,flowers,"[0, 1, 2, 3]"
555,mahogany,8,woods_and_mosses,"[2, 3]"
556,mahonia,5,greens_herbs_and_fougeres,"[1, 2]"
557,mahonial,12,netural_and_synthetic_popular_and_weird,"[0, 1, 2, 3]"
558,mai tai cocktail,11,beverages,"[0, 1, 2, 3]"
559,malt,2,fruits_vegetables_and_nuts,"[0, 2]"
560,malva,3,flowers,"[0, 1, 2, 3]"
561,mandarin orange,1,citrus_smells,"[0, 1]"
562,mandarin orange blossom,4,white_flowers,"[0, 2, 3]"
563,mandora,1,citrus_smells,"[0, 1]"
564,mango,2,fruits_vegetables_and_nuts,"[0, 2]"
565,mango blossom,3,flowers,"[0, 1, 2, 3]"
566,mangosteen,2,fruits_vegetables_and_nuts,"[0, 2]"
567,maninka,2,fruits_vegetables_and_nuts,"[0, 2]"
568,manuka,8,woods_and_mosses,"[2, 3]"
569,maple,8,woods_and_mosses,"[2, 3]"
570,maple syrup,7,sweets_and_gourmand_smells,[3]
571,maraschino cherry,7,sweets_and_gourmand_smells,[3]
572,marian plum,2,fruits_vegetables_and_nuts,"[0, 2]"
573,marigold,5,greens_herbs_and_fougeres,"[1, 2]"
574,mariposa lily,3,flowers,"[0, 1, 2, 3]"
575,marjoram,5,greens_herbs_and_fougeres,"[1, 2]"
576,marmalade,7,sweets_and_gourmand_smells,[3]
577,marron glace,7,sweets_and_gourmand_smells,[3]
578,marshmallow,7,sweets_and_gourmand_smells,[3]
579,martini,11,beverages,"[0, 1, 2, 3]"
580,marzipan,7,sweets_and_gourmand_smells,[3]
581,masala chai,11,beverages,"[0, 1, 2, 3]"
582,massoia,8,woods_and_mosses,"[2, 3]"
583,mastic or lentisque,9,resins_and_balsams,"[2, 3]"
584,matcha tea,5,greens_herbs_and_fougeres,"[1, 2]"
585,mate,5,greens_herbs_and_fougeres,"[1, 2]"
586,mayflower,3,flowers,"[0, 1, 2, 3]"
587,meadowsweet,3,flowers,"[0, 1, 2, 3]"
588,meat,10,musk_amber_animalic_smells,"[2, 3]"
589,melati,4,white_flowers,"[0, 2, 3]"
590,melilot or sweet clover,5,greens_herbs_and_fougeres,"[1, 2]"
591,melilotus,3,flowers,"[0, 1, 2, 3]"
592,melon,2,fruits_vegetables_and_nuts,"[0, 2]"
593,meringues,7,sweets_and_gourmand_smells,[3]
594,mesquite wood,8,woods_and_mosses,"[2, 3]"
595,metallic notes,12,netural_and_synthetic_popular_and_weird,"[0, 1, 2, 3]"
596,methyl pamplemousse,1,citrus_smells,"[0, 1]"
597,mignonette,3,flowers,"[0, 1, 2, 3]"
598,milk,10,musk_amber_animalic_smells,"[2, 3]"
599,milk mousse,7,sweets_and_gourmand_smells,[3]
600,mimosa,3,flowers,"[0, 1, 2, 3]"
601,mimusops elengi,3,flowers,"[0, 1, 2, 3]"
602,mineral notes,12,netural_and_synthetic_popular_and_weird,"[0, 1, 2, 3]"
603,mint,5,greens_herbs_and_fougeres,"[1, 2]"
604,mirabelle,2,fruits_vegetables_and_nuts,"[0, 2]"
605,mirabilis,3,flowers,"[0, 1, 2, 3]"
606,mistletoe,5,greens_herbs_and_fougeres,"[1, 2]"
607,mitti attar,12,netural_and_synthetic_popular_and_weird,"[0, 1, 2, 3]"
608,mock orange,4,white_flowers,"[0, 2, 3]"
609,moepel accord,8,woods_and_mosses,"[2, 3]"
610,mojito,11,beverages,"[0, 1, 2, 3]"
611,molasses,12,netural_and_synthetic_popular_and_weird,"[0, 1, 2, 3]"
612,molasses,7,sweets_and_gourmand_smells,[3]
613,monarda,3,flowers,"[0, 1, 2, 3]"
614,monoi oil,3,flowers,"[0, 1, 2, 3]"
615,mopane,9,resins_and_balsams,"[2, 3]"
616,morning glory flower,3,flowers,"[0, 1, 2, 3]"
617,motor oil,12,netural_and_synthetic_popular_and_weird,"[0, 1, 2, 3]"
618,mountain air,12,netural_and_synthetic_popular_and_weird,"[0, 1, 2, 3]"
619,mugane,12,netural_and_synthetic_popular_and_weird,"[0, 1, 2, 3]"
620,muhuhu,8,woods_and_mosses,"[2, 3]"
621,mulberry,2,fruits_vegetables_and_nuts,"[0, 2]"
622,mushroom,2,fruits_vegetables_and_nuts,"[0, 2]"
623,musk,10,musk_amber_animalic_smells,"[2, 3]"
624,mustard seed,6,spices,"[2, 3]"
625,myrica,9,resins_and_balsams,"[2, 3]"
626,myrrh,9,resins_and_balsams,"[2, 3]"
627,myrtle,3,flowers,"[0, 1, 2, 3]"
628,nag champa,9,resins_and_balsams,"[2, 3]"
629,narcissus,3,flowers,"[0, 1, 2, 3]"
630,nashi pear,2,fruits_vegetables_and_nuts,"[0, 2]"
631,nasturcia,3,flowers,"[0, 1, 2, 3]"
632,naturalcalm,12,netural_and_synthetic_popular_and_weird,"[0, 1, 2, 3]"
633,nectarine,2,fruits_vegetables_and_nuts,"[0, 2]"
634,nectarine blossom,3,flowers,"[0, 1, 2, 3]"
635,neem,8,woods_and_mosses,"[2, 3]"
636,neoprene,12,netural_and_synthetic_popular_and_weird,"[0, 1, 2, 3]"
637,nerium oleander,3,flowers,"[0, 1, 2, 3]"
638,neroli,1,citrus_smells,"[0, 1]"
639,nettle,5,greens_herbs_and_fougeres,"[1, 2]"
640,nigella,6,spices,"[2, 3]"
641,night blooming cereus,4,white_flowers,"[0, 2, 3]"
642,night blooming jasmine,3,flowers,"[0, 1, 2, 3]"
643,nootka,8,woods_and_mosses,"[2, 3]"
644,nougat,7,sweets_and_gourmand_smells,[3]
645,nutmeg,6,spices,"[2, 3]"
646,oak,8,woods_and_mosses,"[2, 3]"
647,oak leaves,5,greens_herbs_and_fougeres,"[1, 2]"
648,oakmoss,8,woods_and_mosses,"[2, 3]"
649,oat,5,greens_herbs_and_fougeres,"[1, 2]"
650,oily notes,6,spices,"[2, 3]"
651,olibanum (frankincense),9,resins_and_balsams,"[2, 3]"
652,olive,2,fruits_vegetables_and_nuts,"[0, 2]"
653,olive flower,3,flowers,"[0, 1, 2, 3]"
654,olive leaf,5,greens_herbs_and_fougeres,"[1, 2]"
655,olive tree,8,woods_and_mosses,"[2, 3]"
656,oolong tea,5,greens_herbs_and_fougeres,"[1, 2]"
657,opium,3,flowers,"[0, 1, 2, 3]"
658,opoponax,9,resins_and_balsams,"[2, 3]"
659,orange,1,citrus_smells,"[0, 1]"
660,orange blossom,4,white_flowers,"[0, 2, 3]"
661,orange cassia tree,3,flowers,"[0, 1, 2, 3]"
662,orchard blossom,3,flowers,"[0, 1, 2, 3]"
663,orchid,3,flowers,"[0, 1, 2, 3]"
664,orchid cactus,3,flowers,"[0, 1, 2, 3]"
665,orchid leaf,5,greens_herbs_and_fougeres,"[1, 2]"
666,oregano,5,greens_herbs_and_fougeres,"[1, 2]"
667,oriental notes,6,spices,"[2, 3]"
668,orris root,3,flowers,"[0, 1, 2, 3]"
669,osmanthus,3,flowers,"[0, 1, 2, 3]"
670,oysters,10,musk_amber_animalic_smells,"[2, 3]"
671,ozonic notes,12,netural_and_synthetic_popular_and_weird,"[0, 1, 2, 3]"
672,palisander rosewood,8,woods_and_mosses,"[2, 3]"
673,palm leaf,5,greens_herbs_and_fougeres,"[1, 2]"
674,palmarosa,5,greens_herbs_and_fougeres,"[1, 2]"
675,palo santo,8,woods_and_mosses,"[2, 3]"
676,pandanus,5,greens_herbs_and_fougeres,"[1, 2]"
677,panna cotta,7,sweets_and_gourmand_smells,[3]
678,pansy,3,flowers,"[0, 1, 2, 3]"
679,papaya,2,fruits_vegetables_and_nuts,"[0, 2]"
680,papaya blossom,3,flowers,"[0, 1, 2, 3]"
681,paper,12,netural_and_synthetic_popular_and_weird,"[0, 1, 2, 3]"
682,paperbark,8,woods_and_mosses,"[2, 3]"
683,papyrus,8,woods_and_mosses,"[2, 3]"
684,para-cresyl phenyl acetate,12,netural_and_synthetic_popular_and_weird,"[0, 1, 2, 3]"
685,paradisone,12,netural_and_synthetic_popular_and_weird,"[0, 1, 2, 3]"
686,paramela,3,flowers,"[0, 1, 2, 3]"
687,parsley,5,greens_herbs_and_fougeres,"[1, 2]"
688,passion flower,3,flowers,"[0, 1, 2, 3]"
689,passionfruit,2,fruits_vegetables_and_nuts,"[0, 2]"
690,pataqueira,3,flowers,"[0, 1, 2, 3]"
691,patchouli,8,woods_and_mosses,"[2, 3]"
692,pea,2,fruits_vegetables_and_nuts,"[0, 2]"
693,peach,2,fruits_vegetables_and_nuts,"[0, 2]"
694,peach blossom,3,flowers,"[0, 1, 2, 3]"
695,peach leaf,5,greens_herbs_and_fougeres,"[1, 2]"
696,peanut,2,fruits_vegetables_and_nuts,"[0, 2]"
697,pear,2,fruits_vegetables_and_nuts,"[0, 2]"
698,pear blossom,3,flowers,"[0, 1, 2, 3]"
699,pear ice cream,7,sweets_and_gourmand_smells,[3]
700,pear leaf,5,greens_herbs_and_fougeres,"[1, 2]"
701,pear tree,8,woods_and_mosses,"[2, 3]"
702,peat,12,netural_and_synthetic_popular_and_weird,"[0, 1, 2, 3]"
703,pebbles,12,netural_and_synthetic_popular_and_weird,"[0, 1, 2, 3]"
704,pecan,2,fruits_vegetables_and_nuts,"[0, 2]"
705,pelargonium,3,flowers,"[0, 1, 2, 3]"
706,peony,3,flowers,"[0, 1, 2, 3]"
707,pepper,6,spices,"[2, 3]"
708,peppertree,6,spices,"[2, 3]"
709,pepperwood or hercules club,8,woods_and_mosses,"[2, 3]"
710,periwinkle,3,flowers,"[0, 1, 2, 3]"
711,persimmon,2,fruits_vegetables_and_nuts,"[0, 2]"
712,peru balsam,9,resins_and_balsams,"[2, 3]"
713,petalia,12,netural_and_synthetic_popular_and_weird,"[0, 1, 2, 3]"
714,petitgrain,1,citrus_smells,"[0, 1]"
715,petunia,3,flowers,"[0, 1, 2, 3]"
716,phlox,3,flowers,"[0, 1, 2, 3]"
717,pimento,6,spices,"[2, 3]"
718,pimento leaf,6,spices,"[2, 3]"
719,pimento seeds,6,spices,"[2, 3]"
720,pina colada,11,beverages,"[0, 1, 2, 3]"
721,pine tree,8,woods_and_mosses,"[2, 3]"
722,pineapple,2,fruits_vegetables_and_nuts,"[0, 2]"
723,pineapple blossom,3,flowers,"[0, 1, 2, 3]"
724,pink pepper,6,spices,"[2, 3]"
725,pinot noir grapes,2,fruits_vegetables_and_nuts,"[0, 2]"
726,pistachio,2,fruits_vegetables_and_nuts,"[0, 2]"
727,pitahaya,2,fruits_vegetables_and_nuts,"[0, 2]"
728,pitanga,2,fruits_vegetables_and_nuts,"[0, 2]"
729,pittosporum,3,flowers,"[0, 1, 2, 3]"
730,plastic,12,netural_and_synthetic_popular_and_weird,"[0, 1, 2, 3]"
731,plum,2,fruits_vegetables_and_nuts,"[0, 2]"
732,plum blossom,3,flowers,"[0, 1, 2, 3]"
733,plum tree,8,woods_and_mosses,"[2, 3]"
734,poinsettia,3,flowers,"[0, 1, 2, 3]"
735,pollen,12,netural_and_synthetic_popular_and_weird,"[0, 1, 2, 3]"
736,polygonum,5,greens_herbs_and_fougeres,"[1, 2]"
737,pomarose,12,netural_and_synthetic_popular_and_weird,"[0, 1, 2, 3]"
738,pomegranate,2,fruits_vegetables_and_nuts,"[0, 2]"
739,pomegranate blossom,3,flowers,"[0, 1, 2, 3]"
740,pomelo,1,citrus_smells,"[0, 1]"
741,popcorn,7,sweets_and_gourmand_smells,[3]
742,poplar (populus) buds,9,resins_and_balsams,"[2, 3]"
743,poppy,3,flowers,"[0, 1, 2, 3]"
744,port wine,11,beverages,"[0, 1, 2, 3]"
745,portulaca or pigweed,5,greens_herbs_and_fougeres,"[1, 2]"
746,powdery notes,12,netural_and_synthetic_popular_and_weird,"[0, 1, 2, 3]"
747,praline,7,sweets_and_gourmand_smells,[3]
748,primrose,3,flowers,"[0, 1, 2, 3]"
749,princess tree (paulownia),3,flowers,"[0, 1, 2, 3]"
750,priprioca,6,spices,"[2, 3]"
751,privet,3,flowers,"[0, 1, 2, 3]"
752,profiterole,7,sweets_and_gourmand_smells,[3]
753,prosecco,11,beverages,"[0, 1, 2, 3]"
754,prunella,3,flowers,"[0, 1, 2, 3]"
755,pua keni keni (pua-lulu),8,woods_and_mosses,"[2, 3]"
756,pumpkin,2,fruits_vegetables_and_nuts,"[0, 2]"
757,punch,11,beverages,"[0, 1, 2, 3]"
758,quince,2,fruits_vegetables_and_nuts,"[0, 2]"
759,rain notes,12,netural_and_synthetic_popular_and_weird,"[0, 1, 2, 3]"
760,rainbow sorbet,7,sweets_and_gourmand_smells,[3]
761,raki,11,beverages,"[0, 1, 2, 3]"
762,rambutan,2,fruits_vegetables_and_nuts,"[0, 2]"
763,rangoon creeper,3,flowers,"[0, 1, 2, 3]"
764,raspberry,2,fruits_vegetables_and_nuts,"[0, 2]"
765,raspberry blossom,3,flowers,"[0, 1, 2, 3]"
766,ravenala,8,woods_and_mosses,"[2, 3]"
767,ravensara,8,woods_and_mosses,"[2, 3]"
768,red algae,5,greens_herbs_and_fougeres,"[1, 2]"
769,red apple,2,fruits_vegetables_and_nuts,"[0, 2]"
770,red berries,2,fruits_vegetables_and_nuts,"[0, 2]"
771,red currant,2,fruits_vegetables_and_nuts,"[0, 2]"
772,red fruits,2,fruits_vegetables_and_nuts,"[0, 2]"
773,red willow,8,woods_and_mosses,"[2, 3]"
774,red wine,11,beverages,"[0, 1, 2, 3]"
775,reed,5,greens_herbs_and_fougeres,"[1, 2]"
776,reseda,3,flowers,"[0, 1, 2, 3]"
777,resins,9,resins_and_balsams,"[2, 3]"
778,rhododendron,3,flowers,"[0, 1, 2, 3]"
779,rhubarb,2,fruits_vegetables_and_nuts,"[0, 2]"
780,rice,5,greens_herbs_and_fougeres,"[1, 2]"
781,rice pudding,7,sweets_and_gourmand_smells,[3]
782,rooibos red tea,5,greens_herbs_and_fougeres,"[1, 2]"
783,rosa rubiginosa,3,flowers,"[0, 1, 2, 3]"
784,rose,3,flowers,"[0, 1, 2, 3]"
785,rose hip,3,flowers,"[0, 1, 2, 3]"
786,rose jam,7,sweets_and_gourmand_smells,[3]
787,rose japanese (hamanasu),3,flowers,"[0, 1, 2, 3]"
788,rose leaf,5,greens_herbs_and_fougeres,"[1, 2]"
789,rose mallow,3,flowers,"[0, 1, 2, 3]"
790,rose thorn,5,greens_herbs_and_fougeres,"[1, 2]"
791,rosebay willowherb,3,flowers,"[0, 1, 2, 3]"
792,rosemary,5,greens_herbs_and_fougeres,"[1, 2]"
793,rubber,9,resins_and_balsams,"[2, 3]"
794,rue,5,greens_herbs_and_fougeres,"[1, 2]"
795,rum,11,beverages,"[0, 1, 2, 3]"
796,rumex,5,greens_herbs_and_fougeres,"[1, 2]"
797,rye,5,greens_herbs_and_fougeres,"[1, 2]"
798,safflower,3,flowers,"[0, 1, 2, 3]"
799,saffron,6,spices,"[2, 3]"
800,safraleine,6,spices,"[2, 3]"
801,sage,5,greens_herbs_and_fougeres,"[1, 2]"
802,sainfoins,3,flowers,"[0, 1, 2, 3]"
803,sake,11,beverages,"[0, 1, 2, 3]"
804,salt,12,netural_and_synthetic_popular_and_weird,"[0, 1, 2, 3]"
805,saman,8,woods_and_mosses,"[2, 3]"
806,sand,12,netural_and_synthetic_popular_and_weird,"[0, 1, 2, 3]"
807,sandalwood,8,woods_and_mosses,"[2, 3]"
808,sangria,11,beverages,"[0, 1, 2, 3]"
809,santolina,3,flowers,"[0, 1, 2, 3]"
810,sapodilla,2,fruits_vegetables_and_nuts,"[0, 2]"
811,satin,12,netural_and_synthetic_popular_and_weird,"[0, 1, 2, 3]"
812,satinwood,8,woods_and_mosses,"[2, 3]"
813,satureja,5,greens_herbs_and_fougeres,"[1, 2]"
814,saw palmetto,5,greens_herbs_and_fougeres,"[1, 2]"
815,sea buckthorn,2,fruits_vegetables_and_nuts,"[0, 2]"
816,sea shells,10,musk_amber_animalic_smells,"[2, 3]"
817,sea water,12,netural_and_synthetic_popular_and_weird,"[0, 1, 2, 3]"
818,seaweed,5,greens_herbs_and_fougeres,"[1, 2]"
819,sequoia,8,woods_and_mosses,"[2, 3]"
820,sesame,6,spices,"[2, 3]"
821,shiso,5,greens_herbs_and_fougeres,"[1, 2]"
822,siam,8,woods_and_mosses,"[2, 3]"
823,sichuan pepper,6,spices,"[2, 3]"
824,"sideritis, mountain tea",5,greens_herbs_and_fougeres,"[1, 2]"
825,silk,12,netural_and_synthetic_popular_and_weird,"[0, 1, 2, 3]"
826,silk tree blossom,3,flowers,"[0, 1, 2, 3]"
827,silk vine or milk broom,5,greens_herbs_and_fougeres,"[1, 2]"
828,skin,10,musk_amber_animalic_smells,"[2, 3]"
829,skunk cabbage,5,greens_herbs_and_fougeres,"[1, 2]"
830,slate,12,netural_and_synthetic_popular_and_weird,"[0, 1, 2, 3]"
831,smoke,12,netural_and_synthetic_popular_and_weird,"[0, 1, 2, 3]"
832,snake plant,5,greens_herbs_and_fougeres,"[1, 2]"
833,snow,12,netural_and_synthetic_popular_and_weird,"[0, 1, 2, 3]"
834,snowberry,2,fruits_vegetables_and_nuts,"[0, 2]"
835,snowdrops,3,flowers,"[0, 1, 2, 3]"
836,sodium silicate,12,netural_and_synthetic_popular_and_weird,"[0, 1, 2, 3]"
837,solar notes,12,netural_and_synthetic_popular_and_weird,"[0, 1, 2, 3]"
838,solomon`s seal,3,flowers,"[0, 1, 2, 3]"
839,sorbet,7,sweets_and_gourmand_smells,[3]
840,sour cherry,2,fruits_vegetables_and_nuts,"[0, 2]"
841,sour cherry blossom,3,flowers,"[0, 1, 2, 3]"
842,soursop,2,fruits_vegetables_and_nuts,"[0, 2]"
843,soybean,2,fruits_vegetables_and_nuts,"[0, 2]"
844,spanish broom,3,flowers,"[0, 1, 2, 3]"
845,spicy notes,6,spices,"[2, 3]"
846,spinach,5,greens_herbs_and_fougeres,"[1, 2]"
847,spiraea,3,flowers,"[0, 1, 2, 3]"
848,spray paint,12,netural_and_synthetic_popular_and_weird,"[0, 1, 2, 3]"
849,spruce,8,woods_and_mosses,"[2, 3]"
850,spun sugar,7,sweets_and_gourmand_smells,[3]
851,squash,2,fruits_vegetables_and_nuts,"[0, 2]"
852,st. john's wort,3,flowers,"[0, 1, 2, 3]"
853,star anise,6,spices,"[2, 3]"
854,star apple,2,fruits_vegetables_and_nuts,"[0, 2]"
855,starfish,10,musk_amber_animalic_smells,"[2, 3]"
856,stephanotis,4,white_flowers,"[0, 2, 3]"
857,strawberry,2,fruits_vegetables_and_nuts,"[0, 2]"
858,strawberry leaf,5,greens_herbs_and_fougeres,"[1, 2]"
859,strawberry syrup,7,sweets_and_gourmand_smells,[3]
860,strelitzia,3,flowers,"[0, 1, 2, 3]"
861,strobilanthes callosus,3,flowers,"[0, 1, 2, 3]"
862,styrax,9,resins_and_balsams,"[2, 3]"
863,suede,10,musk_amber_animalic_smells,"[2, 3]"
864,sugar,7,sweets_and_gourmand_smells,[3]
865,sumac,6,spices,"[2, 3]"
866,sundew,5,greens_herbs_and_fougeres,"[1, 2]"
867,sunflower,3,flowers,"[0, 1, 2, 3]"
868,suntan lotion,12,netural_and_synthetic_popular_and_weird,"[0, 1, 2, 3]"
869,surf wax,9,resins_and_balsams,"[2, 3]"
870,sweet grass,5,greens_herbs_and_fougeres,"[1, 2]"
871,sweet pea,3,flowers,"[0, 1, 2, 3]"
872,sycamore,8,woods_and_mosses,"[2, 3]"
873,sylkolide,10,musk_amber_animalic_smells,"[2, 3]"
874,syringa,4,white_flowers,"[0, 2, 3]"
875,syrup,11,beverages,"[0, 1, 2, 3]"
876,taif rose,3,flowers,"[0, 1, 2, 3]"
877,takamaka,8,woods_and_mosses,"[2, 3]"
878,talc,12,netural_and_synthetic_popular_and_weird,"[0, 1, 2, 3]"
879,tamarind,6,spices,"[2, 3]"
880,tamarisk,3,flowers,"[0, 1, 2, 3]"
881,tangelo,1,citrus_smells,"[0, 1]"
882,tangerine,1,citrus_smells,"[0, 1]"
883,tangerine blossom,4,white_flowers,"[0, 2, 3]"
884,tansy,5,greens_herbs_and_fougeres,"[1, 2]"
885,tarragon,5,greens_herbs_and_fougeres,"[1, 2]"
886,tayberry,2,fruits_vegetables_and_nuts,"[0, 2]"
887,tea,5,greens_herbs_and_fougeres,"[1, 2]"
888,tea tree oil,9,resins_and_balsams,"[2, 3]"
889,teak wood,8,woods_and_mosses,"[2, 3]"
890,tennis ball,12,netural_and_synthetic_popular_and_weird,"[0, 1, 2, 3]"
891,tequila,11,beverages,"[0, 1, 2, 3]"
892,thailand oud,8,woods_and_mosses,"[2, 3]"
893,thistle,5,greens_herbs_and_fougeres,"[1, 2]"
894,thuja,8,woods_and_mosses,"[2, 3]"
895,thyme,5,greens_herbs_and_fougeres,"[1, 2]"
896,ti leaf (cordilyne),5,greens_herbs_and_fougeres,"[1, 2]"
897,tiare flower,4,white_flowers,"[0, 2, 3]"
898,tiramisu,7,sweets_and_gourmand_smells,[3]
899,tobacco,5,greens_herbs_and_fougeres,"[1, 2]"
900,tobacco blossom,3,flowers,"[0, 1, 2, 3]"
901,toffee,7,sweets_and_gourmand_smells,[3]
902,tokaji wine,11,beverages,"[0, 1, 2, 3]"
903,tolu balsam,10,musk_amber_animalic_smells,"[2, 3]"
904,tomato,2,fruits_vegetables_and_nuts,"[0, 2]"
905,tomato leaf,5,greens_herbs_and_fougeres,"[1, 2]"
906,tonic water,11,beverages,"[0, 1, 2, 3]"
907,tonka bean,6,spices,"[2, 3]"
908,toscanol,6,spices,"[2, 3]"
909,trillium,3,flowers,"[0, 1, 2, 3]"
910,tropical fruits,2,fruits_vegetables_and_nuts,"[0, 2]"
911,truffle,10,musk_amber_animalic_smells,"[2, 3]"
912,tuberose,4,white_flowers,"[0, 2, 3]"
913,tulip,3,flowers,"[0, 1, 2, 3]"
914,tulle accord,12,netural_and_synthetic_popular_and_weird,"[0, 1, 2, 3]"
915,tulsi,5,greens_herbs_and_fougeres,"[1, 2]"
916,turnera diffusa (damiana),8,woods_and_mosses,"[2, 3]"
917,umbu-caja | tapereba,2,fruits_vegetables_and_nuts,"[0, 2]"
918,valerian,5,greens_herbs_and_fougeres,"[1, 2]"
919,vanilla,6,spices,"[2, 3]"
920,varnish accord,12,netural_and_synthetic_popular_and_weird,"[0, 1, 2, 3]"
921,velvet,12,netural_and_synthetic_popular_and_weird,"[0, 1, 2, 3]"
922,vermouth,11,beverages,"[0, 1, 2, 3]"
923,vetiver,8,woods_and_mosses,"[2, 3]"
924,vine,5,greens_herbs_and_fougeres,"[1, 2]"
925,vinyl,12,netural_and_synthetic_popular_and_weird,"[0, 1, 2, 3]"
926,violet,3,flowers,"[0, 1, 2, 3]"
927,violet leaf,5,greens_herbs_and_fougeres,"[1, 2]"
928,violet woodsorrel,3,flowers,"[0, 1, 2, 3]"
929,vodka,11,beverages,"[0, 1, 2, 3]"
930,wallflower,3,flowers,"[0, 1, 2, 3]"
931,walnut,2,fruits_vegetables_and_nuts,"[0, 2]"
932,wan sao lhong,6,spices,"[2, 3]"
933,wasabi,6,spices,"[2, 3]"
934,water,12,netural_and_synthetic_popular_and_weird,"[0, 1, 2, 3]"
935,water fruit,2,fruits_vegetables_and_nuts,"[0, 2]"
936,water hyacinth,3,flowers,"[0, 1, 2, 3]"
937,water lily,3,flowers,"[0, 1, 2, 3]"
938,water pepper,6,spices,"[2, 3]"
939,watermelon,2,fruits_vegetables_and_nuts,"[0, 2]"
940,west indian bay,6,spices,"[2, 3]"
941,wet plaster,12,netural_and_synthetic_popular_and_weird,"[0, 1, 2, 3]"
942,wheat,5,greens_herbs_and_fougeres,"[1, 2]"
943,whiskey,11,beverages,"[0, 1, 2, 3]"
944,white chocolate,7,sweets_and_gourmand_smells,[3]
945,white currant,2,fruits_vegetables_and_nuts,"[0, 2]"
946,white flowers,4,white_flowers,"[0, 2, 3]"
947,white ginger lily,3,flowers,"[0, 1, 2, 3]"
948,white oud,8,woods_and_mosses,"[2, 3]"
949,white tobacco,4,white_flowers,"[0, 2, 3]"
950,white willow,8,woods_and_mosses,"[2, 3]"
951,white wine,11,beverages,"[0, 1, 2, 3]"
952,wild strawberry,2,fruits_vegetables_and_nuts,"[0, 2]"
953,wildflowers,3,flowers,"[0, 1, 2, 3]"
954,wine lees,11,beverages,"[0, 1, 2, 3]"
955,winterberry,2,fruits_vegetables_and_nuts,"[0, 2]"
956,wisteria,3,flowers,"[0, 1, 2, 3]"
957,wolfberry,2,fruits_vegetables_and_nuts,"[0, 2]"
958,woody notes,8,woods_and_mosses,"[2, 3]"
959,woody zion,8,woods_and_mosses,"[2, 3]"
960,wool,12,netural_and_synthetic_popular_and_weird,"[0, 1, 2, 3]"
961,wormwood,5,greens_herbs_and_fougeres,"[1, 2]"
962,wrightia,3,flowers,"[0, 1, 2, 3]"
963,yarrow,5,greens_herbs_and_fougeres,"[1, 2]"
964,yellow cherry,2,fruits_vegetables_and_nuts,"[0, 2]"
965,ylang-ylang,3,flowers,"[0, 1, 2, 3]"
966,yogurt,7,sweets_and_gourmand_smells,[3]
967,yohimbe,8,woods_and_mosses,"[2, 3]"
968,yumberry,2,fruits_vegetables_and_nuts,"[0, 2]"
969,yunnan red tea,5,greens_herbs_and_fougeres,"[1, 2]"
970,yuzu,1,citrus_smells,"[0, 1]"
971,yuzu flower,3,flowers,"[0, 1, 2, 3]"
972,zinnia,3,flowers,"[0, 1, 2, 3]"
